{
"lengthUnit": "mil",
"components": {
	"fields": ["COMPONENT_NO", "COMPONENT_NAME", "LAYER", "X_COORDINATE", "Y_COORDINATE", "ANGLE"],
	"rows": [
		[1, "CN1", "T", 20, -575.1, 270],
		[2, "CN2", "T", 225, -1190.1, 0],
		[3, "CN3", "T", 173.93, -1744.33, 0],
		[4, "CN4", "T", 175, -60, 180],
		[5, "U1", "T", 825, -329.33, 180],
		[6, "U2", "T", 838.57, -1475, 0],
		[7, "U3", "T", 1485, -330, 180],
		[8, "U4", "T", 1498.57, -1475, 0],
		[9, "U5", "T", 2240, -330, 180],
		[10, "U6", "T", 2253.57, -1475, 0]
	]
},
"pins": {
	"fields": ["PIN_NO", "PIN_NAME", "PIN_X", "PIN_Y", "LAYER", "PIN_TYPE", "NET_NAME", "NET_TYPE", "PAD_SHAPE", "PAD_SIZEX", "PAD_SIZEY", "HOLE_SIZE"],
	"rows": [
		[1, "CN1_1", 216.85, -476.67, "T", "DIP", "GND", "GND", "C", 98.42, 98.42, 70.87],
		[2, "CN1_1", 216.85, -476.67, "B", "DIP", "GND", "GND", "C", 98.42, 98.42, 70.87],
		[3, "CN1_2", 216.85, -673.52, "T", "DIP", "24V", "", "C", 98.42, 98.42, 70.87],
		[4, "CN1_2", 216.85, -673.52, "B", "DIP", "24V", "", "C", 98.42, 98.42, 70.87],
		[5, "CN1_3", -176.85, -791.63, "T", "DIP", "GND", "GND", "C", 70.87, 70.87, 43.31],
		[6, "CN1_3", -176.85, -791.63, "B", "DIP", "GND", "GND", "C", 70.87, 70.87, 43.31],
		[7, "CN1_4", -176.85, -358.56, "T", "DIP", "GND", "GND", "C", 70.87, 70.87, 43.31],
		[8, "CN1_4", -176.85, -358.56, "B", "DIP", "GND", "GND", "C", 70.87, 70.87, 43.31],
		[9, "CN2_4", 106.89, -1455.85, "T", "DIP", "GND", "GND", "O", 47.24, 86.61, 62.99],
		[10, "CN2_4", 106.89, -1455.85, "B", "DIP", "GND", "GND", "O", 47.24, 86.61, 62.99],
		[11, "CN2_3", 106.89, -924.35, "T", "DIP", "GND", "GND", "O", 47.24, 86.61, 62.99],
		[12, "CN2_3", 106.89, -924.35, "B", "DIP", "GND", "GND", "O", 47.24, 86.61, 62.99],
		[13, "CN2_1", 343.11, -1331.83, "T", "DIP", "GND", "GND", "C", 149.61, 149.61, 114.17],
		[14, "CN2_1", 343.11, -1331.83, "B", "DIP", "GND", "GND", "C", 149.61, 149.61, 114.17],
		[15, "CN2_2", 343.11, -1048.37, "T", "DIP", "24V", "", "C", 149.61, 149.61, 114.17],
		[16, "CN2_2", 343.11, -1048.37, "B", "DIP", "24V", "", "C", 149.61, 149.61, 114.17],
		[17, "CN3_1", 149.33, -1687.24, "T", "SMD", "CAN2_L", "", "R", 23.62, 66.93, 0],
		[18, "CN3_2", 198.54, -1687.24, "T", "SMD", "CAN2_H", "", "R", 23.62, 66.93, 0],
		[19, "CN3_3", 76.5, -1801.41, "T", "SMD", "GND", "GND", "R", 39.37, 110.24, 0],
		[20, "CN3_4", 271.38, -1801.41, "T", "SMD", "GND", "GND", "R", 39.37, 110.24, 0],
		[21, "CN4_1", 199.6, -117.09, "T", "SMD", "CAN1_L", "", "R", 23.62, 66.93, 0],
		[22, "CN4_2", 150.39, -117.09, "T", "SMD", "CAN1_H", "", "R", 23.62, 66.93, 0],
		[23, "CN4_3", 272.44, -2.92, "T", "SMD", "GND", "GND", "R", 39.37, 110.24, 0],
		[24, "CN4_4", 77.56, -2.92, "T", "SMD", "GND", "GND", "R", 39.37, 110.24, 0],
		[25, "U1_1", 1000.79, -392.91, "T", "DIP", "24V", "", "C", 110.24, 110.24, 74.8],
		[26, "U1_1", 1000.79, -392.91, "B", "DIP", "24V", "", "C", 110.24, 110.24, 74.8],
		[27, "U1_2", 800.79, -392.91, "T", "DIP", "GND", "GND", "C", 110.24, 110.24, 74.8],
		[28, "U1_2", 800.79, -392.91, "B", "DIP", "GND", "GND", "C", 110.24, 110.24, 74.8],
		[29, "U1_3", 649.21, -344.48, "T", "DIP", "CAN1_L", "", "C", 60, 60, 36],
		[30, "U1_3", 649.21, -344.48, "B", "DIP", "CAN1_L", "", "C", 60, 60, 36],
		[31, "U1_4", 649.21, -265.74, "T", "DIP", "CAN1_H", "", "C", 60, 60, 36],
		[32, "U1_4", 649.21, -265.74, "B", "DIP", "CAN1_H", "", "C", 60, 60, 36],
		[33, "U2_1", 662.79, -1411.41, "T", "DIP", "24V", "", "C", 110.24, 110.24, 74.8],
		[34, "U2_1", 662.79, -1411.41, "B", "DIP", "24V", "", "C", 110.24, 110.24, 74.8],
		[35, "U2_2", 862.78, -1411.41, "T", "DIP", "GND", "GND", "C", 110.24, 110.24, 74.8],
		[36, "U2_2", 862.78, -1411.41, "B", "DIP", "GND", "GND", "C", 110.24, 110.24, 74.8],
		[37, "U2_3", 1014.37, -1459.85, "T", "DIP", "CAN2_L", "", "C", 60, 60, 36],
		[38, "U2_3", 1014.37, -1459.85, "B", "DIP", "CAN2_L", "", "C", 60, 60, 36],
		[39, "U2_4", 1014.37, -1538.59, "T", "DIP", "CAN2_H", "", "C", 60, 60, 36],
		[40, "U2_4", 1014.37, -1538.59, "B", "DIP", "CAN2_H", "", "C", 60, 60, 36],
		[41, "U3_1", 1660.79, -393.58, "T", "DIP", "24V", "", "C", 110.24, 110.24, 74.8],
		[42, "U3_1", 1660.79, -393.58, "B", "DIP", "24V", "", "C", 110.24, 110.24, 74.8],
		[43, "U3_2", 1460.79, -393.58, "T", "DIP", "GND", "GND", "C", 110.24, 110.24, 74.8],
		[44, "U3_2", 1460.79, -393.58, "B", "DIP", "GND", "GND", "C", 110.24, 110.24, 74.8],
		[45, "U3_3", 1309.21, -345.15, "T", "DIP", "CAN1_L", "", "C", 60, 60, 36],
		[46, "U3_3", 1309.21, -345.15, "B", "DIP", "CAN1_L", "", "C", 60, 60, 36],
		[47, "U3_4", 1309.21, -266.41, "T", "DIP", "CAN1_H", "", "C", 60, 60, 36],
		[48, "U3_4", 1309.21, -266.41, "B", "DIP", "CAN1_H", "", "C", 60, 60, 36],
		[49, "U4_1", 1322.79, -1411.41, "T", "DIP", "24V", "", "C", 110.24, 110.24, 74.8],
		[50, "U4_1", 1322.79, -1411.41, "B", "DIP", "24V", "", "C", 110.24, 110.24, 74.8],
		[51, "U4_2", 1522.79, -1411.41, "T", "DIP", "GND", "GND", "C", 110.24, 110.24, 74.8],
		[52, "U4_2", 1522.79, -1411.41, "B", "DIP", "GND", "GND", "C", 110.24, 110.24, 74.8],
		[53, "U4_3", 1674.37, -1459.85, "T", "DIP", "CAN2_L", "", "C", 60, 60, 36],
		[54, "U4_3", 1674.37, -1459.85, "B", "DIP", "CAN2_L", "", "C", 60, 60, 36],
		[55, "U4_4", 1674.37, -1538.59, "T", "DIP", "CAN2_H", "", "C", 60, 60, 36],
		[56, "U4_4", 1674.37, -1538.59, "B", "DIP", "CAN2_H", "", "C", 60, 60, 36],
		[57, "U5_1", 2415.79, -393.58, "T", "DIP", "24V", "", "C", 110.24, 110.24, 74.8],
		[58, "U5_1", 2415.79, -393.58, "B", "DIP", "24V", "", "C", 110.24, 110.24, 74.8],
		[59, "U5_2", 2215.79, -393.58, "T", "DIP", "GND", "GND", "C", 110.24, 110.24, 74.8],
		[60, "U5_2", 2215.79, -393.58, "B", "DIP", "GND", "GND", "C", 110.24, 110.24, 74.8],
		[61, "U5_3", 2064.21, -345.15, "T", "DIP", "CAN1_L", "", "C", 60, 60, 36],
		[62, "U5_3", 2064.21, -345.15, "B", "DIP", "CAN1_L", "", "C", 60, 60, 36],
		[63, "U5_4", 2064.21, -266.41, "T", "DIP", "CAN1_H", "", "C", 60, 60, 36],
		[64, "U5_4", 2064.21, -266.41, "B", "DIP", "CAN1_H", "", "C", 60, 60, 36],
		[65, "U6_1", 2077.78, -1411.41, "T", "DIP", "24V", "", "C", 110.24, 110.24, 74.8],
		[66, "U6_1", 2077.78, -1411.41, "B", "DIP", "24V", "", "C", 110.24, 110.24, 74.8],
		[67, "U6_2", 2277.78, -1411.41, "T", "DIP", "GND", "GND", "C", 110.24, 110.24, 74.8],
		[68, "U6_2", 2277.78, -1411.41, "B", "DIP", "GND", "GND", "C", 110.24, 110.24, 74.8],
		[69, "U6_3", 2429.37, -1459.85, "T", "DIP", "CAN2_L", "", "C", 60, 60, 36],
		[70, "U6_3", 2429.37, -1459.85, "B", "DIP", "CAN2_L", "", "C", 60, 60, 36],
		[71, "U6_4", 2429.37, -1538.59, "T", "DIP", "CAN2_H", "", "C", 60, 60, 36],
		[72, "U6_4", 2429.37, -1538.59, "B", "DIP", "CAN2_H", "", "C", 60, 60, 36]
	]
}
}